{
  "mods": {
    "MultiMC5": {
      "akka-actor_2.11-2.3.3": true,
      "asm-all-5.2": true,
      "authlib-1.5.25": true,
      "autofish": true,
      "codecjorbis-20101023": true,
      "codecwav-20101023": true,
      "commons-codec-1.10": true,
      "commons-compress-1.8.1": true,
      "commons-io-2.5": true,
      "commons-lang3-3.5": true,
      "commons-logging-1.1.3": true,
      "config-1.2.1": true,
      "fastutil-7.1.0": true,
      "forge-1.12.2-14.23.4.2749-universal": true,
      "gson-2.8.0": true,
      "guava-21.0": true,
      "httpclient-4.3.3": true,
      "httpcore-4.3.2": true,
      "icu4j-core-mojang-51.2": true,
      "jinput-2.0.5": true,
      "jline-3.5.1": true,
      "jna-4.4.0": true,
      "jopt-simple-5.0.3": true,
      "jutils-1.0.0": true,
      "launchwrapper-1.12": true,
      "libraryjavasound-20101123": true,
      "librarylwjglopenal-20100824": true,
      "liteloader-1.12.2-snapshot": true,
      "log4j-api-2.8.1": true,
      "log4j-core-2.8.1": true,
      "lwjgl-2.9.4-nightly-20150209": true,
      "lwjgl_util-2.9.4-nightly-20150209": true,
      "lzma-0.0.1": true,
      "maven-artifact-3.5.3": true,
      "minecraft-1.12.2-client": true,
      "netty-all-4.1.9.final": true,
      "newlaunch": true,
      "oshi-core-1.1": true,
      "patchy-1.1": true,
      "platform-3.4.0": true,
      "realms-1.10.22": true,
      "scala-actors-migration_2.11-1.1.0": true,
      "scala-compiler-2.11.1": true,
      "scala-continuations-library_2.11-1.0.2": true,
      "scala-continuations-plugin_2.11.1-1.0.2": true,
      "scala-library-2.11.1": true,
      "scala-parser-combinators_2.11-1.0.1": true,
      "scala-reflect-2.11.1": true,
      "scala-swing_2.11-1.0.1": true,
      "scala-xml_2.11-1.0.2": true,
      "soundsystem-20120107": true,
      "text2speech-1.10.3": true,
      "trove4j-3.0.3": true,
      "vecmath-1.5.2": true,
      "voxelmap": true
    }
  }
}