{
  "main": {
    "0": {
      "title": "Spawn",
      "icon": {
        "name": "minecraft:grass",
        "damage": 0
      },
      "action": {
        "command": {
          "command": "/spawn",
          "clipboard": false
        }
      }
    },
    "1": {
      "title": "Survival",
      "icon": {
        "name": "minecraft:sapling",
        "damage": 0
      },
      "action": {
        "command": {
          "command": "/gamemode survival",
          "clipboard": false
        }
      }
    },
    "2": {
      "title": "Creative",
      "icon": {
        "name": "minecraft:wooden_axe",
        "damage": 0
      },
      "action": {
        "command": {
          "command": "/gamemode creative",
          "clipboard": false
        }
      }
    },
    "3": {
      "title": "Tpaccept",
      "icon": {
        "name": "minecraft:double_plant",
        "damage": 0
      },
      "action": {
        "command": {
          "command": "/tpaccept",
          "clipboard": false
        }
      }
    },
    "4": {
      "title": "Tpdeny",
      "icon": {
        "name": "minecraft:fermented_spider_eye",
        "damage": 0
      },
      "action": {
        "command": {
          "command": "/tpdeny",
          "clipboard": false
        }
      }
    },
    "5": {
      "title": "Sit",
      "icon": {
        "name": "minecraft:oak_stairs",
        "damage": 0
      },
      "action": {
        "command": {
          "command": "/sit",
          "clipboard": false
        }
      }
    },
    "6": {
      "title": "Spectator",
      "icon": {
        "name": "minecraft:glass_pane",
        "damage": 0
      },
      "action": {
        "command": {
          "command": "/gamemode spectator",
          "clipboard": false
        }
      }
    },
    "7": {
      "title": "Other",
      "icon": {
        "name": "minecraft:white_shulker_box",
        "damage": 0
      },
      "action": {
        "category": "Other"
      }
    },
    "8": {
      "title": "Back",
      "icon": {
        "name": "minecraft:ender_pearl",
        "damage": 0
      },
      "action": {
        "command": {
          "command": "/back",
          "clipboard": false
        }
      }
    },
    "9": {
      "title": "Home",
      "icon": {
        "name": "minecraft:chest",
        "damage": 0
      },
      "action": {
        "category": "Home"
      }
    }
  },
  "Home": {
    "0": {
      "title": "HOME",
      "icon": {
        "name": "minecraft:sandstone",
        "damage": 0
      },
      "action": {
        "command": {
          "command": "/home home",
          "clipboard": false
        }
      }
    },
    "1": {
      "title": "Brewing",
      "icon": {
        "name": "minecraft:brewing_stand",
        "damage": 0
      },
      "action": {
        "command": {
          "command": "/home brewing",
          "clipboard": false
        }
      }
    },
    "9": {
      "title": "Slime",
      "icon": {
        "name": "minecraft:slime",
        "damage": 0
      },
      "action": {
        "command": {
          "command": "/home slime",
          "clipboard": false
        }
      }
    }
  },
  "ChangeMode": {
    "0": {
      "title": "Survival",
      "icon": {
        "name": "minecraft:planks",
        "damage": 0
      },
      "action": {
        "command": {
          "command": "/gamemode survival",
          "clipboard": false
        }
      }
    },
    "1": {
      "title": "Creative",
      "icon": {
        "name": "minecraft:wooden_axe",
        "damage": 0
      },
      "action": {
        "command": {
          "command": "/gamemode creative",
          "clipboard": false
        }
      }
    },
    "9": {
      "title": "Spectator",
      "icon": {
        "name": "minecraft:glass_pane",
        "damage": 0
      },
      "action": {
        "command": {
          "command": "/gamemode spectator",
          "clipboard": false
        }
      }
    }
  },
  "Other": {
    "0": {
      "title": "PVP",
      "icon": {
        "name": "minecraft:diamond_sword",
        "damage": 0
      },
      "action": {
        "command": {
          "command": "/pvp",
          "clipboard": false
        }
      }
    },
    "1": {
      "title": "COI",
      "icon": {
        "name": "minecraft:compass",
        "damage": 0
      },
      "action": {
        "command": {
          "command": "/co i",
          "clipboard": false
        }
      }
    },
    "5": {
      "title": "GOC cute_void",
      "icon": {
        "name": "minecraft:wooden_door",
        "damage": 0
      },
      "action": {
        "command": {
          "command": "/goc cute_void",
          "clipboard": false
        }
      }
    },
    "9": {
      "title": "Menu",
      "icon": {
        "name": "minecraft:wool",
        "damage": 1
      },
      "action": {
        "command": {
          "command": "/menu",
          "clipboard": false
        }
      }
    }
  }
}